<faces-config xmlns="http://java.sun.com/xml/ns/javaee"
	xmlns:xsi="http://www.w3.org/2001/XMLSchema-­instance"
	xsi:schemaLocation="http://java.sun.com/xml/ns/javaee
http://java.sun.com/xml/ns/javaee/web-facesconfig_2_0.xsd"
	version="2.0">


	<navigation-rule>
		<from-view-id>/login.xhtml</from-view-id>
		<navigation-case>
			<from-outcome>inicio</from-outcome>
			<to-view-id>/registro.xhtml</to-view-id>
		</navigation-case>
	</navigation-rule>
	<navigation-rule>
		<from-view-id>/registro.xhtml</from-view-id>
		<navigation-case>
			<from-outcome>registro</from-outcome>
			<to-view-id>/registro.xhtml</to-view-id>
		</navigation-case>
	</navigation-rule>
	<navigation-rule>
		<from-view-id>/login.xhtml</from-view-id>
		<navigation-case>
			<from-outcome>login</from-outcome>
			<to-view-id>/login.xhtml</to-view-id>
		</navigation-case>
	</navigation-rule>

	<navigation-rule>
		<from-view-id>/registro.xhtml</from-view-id>
		<navigation-case>
			<from-outcome>registrado</from-outcome>
			<to-view-id>/login.xhtml</to-view-id>
		</navigation-case>
	</navigation-rule>

	<navigation-rule>
		<from-view-id>/login.xhtml</from-view-id>
		<navigation-case>
			<from-outcome>inicioMenu</from-outcome>
			<to-view-id>/inicio.xhtml</to-view-id>
		</navigation-case>
	</navigation-rule>

</faces-config>