<beans xmlns="http://www.springframework.org/schema/beans"
	xmlns:xsi="http://www.w3.org/2001/XMLSchema-instance"
	xmlns:context="http://www.springframework.org/schema/context"
	xsi:schemaLocation="http://www.springframework.org/schema/beans
 http://www.springframework.org/schema/beans/spring-beans-3.0.xsd
 http://www.springframework.org/schema/context
 http://www.springframework.org/schema/context/spring-context-3.0.xsd">

	<context:component-scan
		base-package="com.apress.springrecipes.court.web" />
	<context:component-scan
		base-package="com.apress.springrecipes.court.domain" />
	<bean
		class="org.springframework.web.servlet.mvc.annotation.DefaultAnnotationHandlerMapping" />
	<bean
		class="org.springframework.web.servlet.mvc.annotation.AnnotationMethodHandlerAdapter" />

	<bean
		class="org.springframework.web.servlet.view.InternalResourceViewResolver">
		<property name="prefix" value="/WEB-INF/jsp/" />
		<property name="suffix" value=".jsp" />
	</bean>

	<bean
		class="org.springframework.web.servlet.handler.SimpleMappingExceptionResolver">
		<property name="exceptionMappings">
			<props>
				<prop
					key="com.apress.springrecipes.court.service.DoctorNotAvailableException">
					doctorNotAvailable
				</prop>
			</props>
		</property>
	</bean>

	<bean
		class="org.springframework.web.servlet.handler.SimpleMappingExceptionResolver">
		<property name="exceptionMappings">
			<props>
				<prop
					key="com.apress.springrecipes.court.service.CredencialesNotAvailableException">
					loginNotAvailable
				</prop>
			</props>
		</property>
	</bean>

	<bean id="dataSource"
		class="org.apache.commons.dbcp.BasicDataSource">
		<property name="driverClassName"
			value="oracle.jdbc.driver.OracleDriver" />
		<property name="url"
			value="jdbc:oracle:thin:@localhost:1521:XE" />
		<property name="username" value="doctor" />
		<property name="password" value="doctor" />
		<property name="initialSize" value="1" />
		<property name="maxActive" value="5" />
	</bean>

	<bean id="doctorDao"
		class="com.apress.springrecipes.court.dao.DoctorDao">
		<property name="dataSource" ref="dataSource" />
	</bean>

</beans> 